player,long_team,team,position,granular_position,link,id
KYLE CONNOR,winnipeg-jets,WPG,skater,forward,https://assets.nhle.com/mugs/nhl/latest/8478398.png,8478398.0
MARK SCHEIFELE,winnipeg-jets,WPG,skater,forward,https://assets.nhle.com/mugs/nhl/latest/8476460.png,8476460.0
GABRIEL VILARDI,winnipeg-jets,WPG,skater,forward,https://assets.nhle.com/mugs/nhl/latest/8480014.png,8480014.0
NINO NIEDERREITER,winnipeg-jets,WPG,skater,forward,https://assets.nhle.com/mugs/nhl/latest/8475799.png,8475799.0
JONATHAN TOEWS,winnipeg-jets,WPG,skater,forward,https://assets.nhle.com/mugs/nhl/latest/8473604.png,8473604.0
GUSTAV NYQUIST,winnipeg-jets,WPG,skater,forward,https://assets.nhle.com/mugs/nhl/latest/8474679.png,8474679.0
ALEX IAFALLO,winnipeg-jets,WPG,skater,forward,https://assets.nhle.com/mugs/nhl/latest/8480113.png,8480113.0
VLADISLAV NAMESTNIKOV,winnipeg-jets,WPG,skater,forward,https://assets.nhle.com/mugs/nhl/latest/8476480.png,8476480.0
BRAD LAMBERT,winnipeg-jets,WPG,skater,forward,https://assets.nhle.com/mugs/nhl/latest/8483471.png,8483471.0
COLE KOEPKE,winnipeg-jets,WPG,skater,forward,https://assets.nhle.com/mugs/nhl/latest/8481043.png,8481043.0
MORGAN BARRON,winnipeg-jets,WPG,skater,forward,https://assets.nhle.com/mugs/nhl/latest/8480289.png,8480289.0
TANNER PEARSON,winnipeg-jets,WPG,skater,forward,https://assets.nhle.com/mugs/nhl/latest/8476871.png,8476871.0
JOSH MORRISSEY,winnipeg-jets,WPG,skater,defense,https://assets.nhle.com/mugs/nhl/latest/8477504.png,8477504.0
DYLAN DEMELO,winnipeg-jets,WPG,skater,defense,https://assets.nhle.com/mugs/nhl/latest/8476331.png,8476331.0
LOGAN STANLEY,winnipeg-jets,WPG,skater,defense,https://assets.nhle.com/mugs/nhl/latest/8479378.png,8479378.0
NEAL PIONK,winnipeg-jets,WPG,skater,defense,https://assets.nhle.com/mugs/nhl/latest/8480145.png,8480145.0
HAYDN FLEURY,winnipeg-jets,WPG,skater,defense,https://assets.nhle.com/mugs/nhl/latest/8477938.png,8477938.0
LUKE SCHENN,winnipeg-jets,WPG,skater,defense,https://assets.nhle.com/mugs/nhl/latest/8474568.png,8474568.0
CONNOR HELLEBUYCK,winnipeg-jets,WPG,goalie,,https://assets.nhle.com/mugs/nhl/latest/8476945.png,8476945.0
ERIC COMRIE,winnipeg-jets,WPG,goalie,,https://assets.nhle.com/mugs/nhl/latest/8477480.png,8477480.0
PAVEL BUCHNEVICH,st-louis-blues,STL,skater,forward,https://assets.nhle.com/mugs/nhl/latest/8477402.png,8477402.0
ROBERT THOMAS,st-louis-blues,STL,skater,forward,https://assets.nhle.com/mugs/nhl/latest/8480023.png,8480023.0
JORDAN KYROU,st-louis-blues,STL,skater,forward,https://assets.nhle.com/mugs/nhl/latest/8479385.png,8479385.0
DYLAN HOLLOWAY,st-louis-blues,STL,skater,forward,https://assets.nhle.com/mugs/nhl/latest/8482077.png,8482077.0
BRAYDEN SCHENN,st-louis-blues,STL,skater,forward,https://assets.nhle.com/mugs/nhl/latest/8475170.png,8475170.0
JAKE NEIGHBOURS,st-louis-blues,STL,skater,forward,https://assets.nhle.com/mugs/nhl/latest/8482089.png,8482089.0
MATHIEU JOSEPH,st-louis-blues,STL,skater,forward,https://assets.nhle.com/mugs/nhl/latest/8478472.png,8478472.0
PIUS SUTER,st-louis-blues,STL,skater,forward,https://assets.nhle.com/mugs/nhl/latest/8480459.png,8480459.0
JIMMY SNUGGERUD,st-louis-blues,STL,skater,forward,https://assets.nhle.com/mugs/nhl/latest/8483516.png,8483516.0
NATHAN WALKER,st-louis-blues,STL,skater,forward,https://assets.nhle.com/mugs/nhl/latest/8477573.png,8477573.0
OSKAR SUNDQVIST,st-louis-blues,STL,skater,forward,https://assets.nhle.com/mugs/nhl/latest/8476897.png,8476897.0
NICK BJUGSTAD,st-louis-blues,STL,skater,forward,https://assets.nhle.com/mugs/nhl/latest/8475760.png,8475760.0
PHILIP BROBERG,st-louis-blues,STL,skater,defense,https://assets.nhle.com/mugs/nhl/latest/8481598.png,8481598.0
COLTON PARAYKO,st-louis-blues,STL,skater,defense,https://assets.nhle.com/mugs/nhl/latest/8476892.png,8476892.0
TYLER TUCKER,st-louis-blues,STL,skater,defense,https://assets.nhle.com/mugs/nhl/latest/8481006.png,8481006.0
JUSTIN FAULK,st-louis-blues,STL,skater,defense,https://assets.nhle.com/mugs/nhl/latest/8475753.png,8475753.0
CAM FOWLER,st-louis-blues,STL,skater,defense,https://assets.nhle.com/mugs/nhl/latest/8475764.png,8475764.0
LOGAN MAILLOUX,st-louis-blues,STL,skater,defense,https://assets.nhle.com/mugs/nhl/latest/8482733.png,8482733.0
JORDAN BINNINGTON,st-louis-blues,STL,goalie,,https://assets.nhle.com/mugs/nhl/latest/8476412.png,8476412.0
JOEL HOFER,st-louis-blues,STL,goalie,,https://assets.nhle.com/mugs/nhl/latest/8480981.png,8480981.0
ARTTURI LEHKONEN,colorado-avalanche,COL,skater,forward,https://assets.nhle.com/mugs/nhl/latest/8477476.png,8477476.0
NATHAN MACKINNON,colorado-avalanche,COL,skater,forward,https://assets.nhle.com/mugs/nhl/latest/8477492.png,8477492.0
MARTIN NECAS,colorado-avalanche,COL,skater,forward,https://assets.nhle.com/mugs/nhl/latest/8480039.png,8480039.0
GABRIEL LANDESKOG,colorado-avalanche,COL,skater,forward,https://assets.nhle.com/mugs/nhl/latest/8476455.png,8476455.0
BROCK NELSON,colorado-avalanche,COL,skater,forward,https://assets.nhle.com/mugs/nhl/latest/8475754.png,8475754.0
VALERI NICHUSHKIN,colorado-avalanche,COL,skater,forward,https://assets.nhle.com/mugs/nhl/latest/8477501.png,8477501.0
ROSS COLTON,colorado-avalanche,COL,skater,forward,https://assets.nhle.com/mugs/nhl/latest/8479525.png,8479525.0
JACK DRURY,colorado-avalanche,COL,skater,forward,https://assets.nhle.com/mugs/nhl/latest/8480835.png,8480835.0
VICTOR OLOFSSON,colorado-avalanche,COL,skater,forward,https://assets.nhle.com/mugs/nhl/latest/8478109.png,8478109.0
PARKER KELLY,colorado-avalanche,COL,skater,forward,https://assets.nhle.com/mugs/nhl/latest/8480448.png,8480448.0
ZAKHAR BARDAKOV,colorado-avalanche,COL,skater,forward,https://assets.nhle.com/mugs/nhl/latest/8482947.png,8482947.0
GAVIN BRINDLEY,colorado-avalanche,COL,skater,forward,https://assets.nhle.com/mugs/nhl/latest/8484149.png,8484149.0
DEVON TOEWS,colorado-avalanche,COL,skater,defense,https://assets.nhle.com/mugs/nhl/latest/8478038.png,8478038.0
CALE MAKAR,colorado-avalanche,COL,skater,defense,https://assets.nhle.com/mugs/nhl/latest/8480069.png,8480069.0
JOSH MANSON,colorado-avalanche,COL,skater,defense,https://assets.nhle.com/mugs/nhl/latest/8476312.png,8476312.0
BRENT BURNS,colorado-avalanche,COL,skater,defense,https://assets.nhle.com/mugs/nhl/latest/8470613.png,8470613.0
ILYA SOLOVYOV,colorado-avalanche,COL,skater,defense,https://assets.nhle.com/mugs/nhl/latest/8482470.png,8482470.0
SAM MALINSKI,colorado-avalanche,COL,skater,defense,https://assets.nhle.com/mugs/nhl/latest/8484258.png,8484258.0
SCOTT WEDGEWOOD,colorado-avalanche,COL,goalie,,https://assets.nhle.com/mugs/nhl/latest/8475809.png,8475809.0
TRENT MINER,colorado-avalanche,COL,goalie,,https://assets.nhle.com/mugs/nhl/latest/8481529.png,8481529.0
SAM STEEL,dallas-stars,DAL,skater,forward,https://assets.nhle.com/mugs/nhl/latest/8479351.png,8479351.0
ROOPE HINTZ,dallas-stars,DAL,skater,forward,https://assets.nhle.com/mugs/nhl/latest/8478449.png,8478449.0
MIKKO RANTANEN,dallas-stars,DAL,skater,forward,https://assets.nhle.com/mugs/nhl/latest/8478420.png,8478420.0
JASON ROBERTSON,dallas-stars,DAL,skater,forward,https://assets.nhle.com/mugs/nhl/latest/8480027.png,8480027.0
WYATT JOHNSTON,dallas-stars,DAL,skater,forward,https://assets.nhle.com/mugs/nhl/latest/8482740.png,8482740.0
MAVRIK BOURQUE,dallas-stars,DAL,skater,forward,https://assets.nhle.com/mugs/nhl/latest/8482145.png,8482145.0
ADAM ERNE,dallas-stars,DAL,skater,forward,https://assets.nhle.com/mugs/nhl/latest/8477454.png,8477454.0
TYLER SEGUIN,dallas-stars,DAL,skater,forward,https://assets.nhle.com/mugs/nhl/latest/8475794.png,8475794.0
COLIN BLACKWELL,dallas-stars,DAL,skater,forward,https://assets.nhle.com/mugs/nhl/latest/8476278.png,8476278.0
JUSTIN HRYCKOWIAN,dallas-stars,DAL,skater,forward,https://assets.nhle.com/mugs/nhl/latest/8484829.png,8484829.0
RADEK FAKSA,dallas-stars,DAL,skater,forward,https://assets.nhle.com/mugs/nhl/latest/8476889.png,8476889.0
NATHAN BASTIAN,dallas-stars,DAL,skater,forward,https://assets.nhle.com/mugs/nhl/latest/8479414.png,8479414.0
ESA LINDELL,dallas-stars,DAL,skater,defense,https://assets.nhle.com/mugs/nhl/latest/8476902.png,8476902.0
MIRO HEISKANEN,dallas-stars,DAL,skater,defense,https://assets.nhle.com/mugs/nhl/latest/8480036.png,8480036.0
THOMAS HARLEY,dallas-stars,DAL,skater,defense,https://assets.nhle.com/mugs/nhl/latest/8481581.png,8481581.0
ILYA LYUBUSHKIN,dallas-stars,DAL,skater,defense,https://assets.nhle.com/mugs/nhl/latest/8480950.png,8480950.0
LIAN BICHSEL,dallas-stars,DAL,skater,defense,https://assets.nhle.com/mugs/nhl/20252026/DAL/8483425.png,8483425.0
LIAN BICHSEL,dallas-stars,DAL,skater,defense,https://assets.nhle.com/mugs/nhl/latest/8484931.png,8484931.0
ALEX PETROVIC,dallas-stars,DAL,skater,defense,https://assets.nhle.com/mugs/nhl/latest/8475755.png,8475755.0
JAKE OETTINGER,dallas-stars,DAL,goalie,,https://assets.nhle.com/mugs/nhl/latest/8479979.png,8479979.0
CASEY DESMITH,dallas-stars,DAL,goalie,,https://assets.nhle.com/mugs/nhl/latest/8479193.png,8479193.0
IVAN BARBASHEV,vegas-golden-knights,VGK,skater,forward,https://assets.nhle.com/mugs/nhl/latest/8477964.png,8477964.0
JACK EICHEL,vegas-golden-knights,VGK,skater,forward,https://assets.nhle.com/mugs/nhl/latest/8478403.png,8478403.0
BRANDON SAAD,vegas-golden-knights,VGK,skater,forward,https://assets.nhle.com/mugs/nhl/latest/8476438.png,8476438.0
PAVEL DOROFEYEV,vegas-golden-knights,VGK,skater,forward,https://assets.nhle.com/mugs/nhl/latest/8481604.png,8481604.0
TOMAS HERTL,vegas-golden-knights,VGK,skater,forward,https://assets.nhle.com/mugs/nhl/latest/8476881.png,8476881.0
MITCH MARNER,vegas-golden-knights,VGK,skater,forward,https://assets.nhle.com/mugs/nhl/latest/8478483.png,8478483.0
REILLY SMITH,vegas-golden-knights,VGK,skater,forward,https://assets.nhle.com/mugs/nhl/latest/8475191.png,8475191.0
WILLIAM KARLSSON,vegas-golden-knights,VGK,skater,forward,https://assets.nhle.com/mugs/nhl/latest/8476448.png,8476448.0
ALEXANDER HOLTZ,vegas-golden-knights,VGK,skater,forward,,
BRETT HOWDEN,vegas-golden-knights,VGK,skater,forward,https://assets.nhle.com/mugs/nhl/latest/8479353.png,8479353.0
COLTON SISSONS,vegas-golden-knights,VGK,skater,forward,https://assets.nhle.com/mugs/nhl/latest/8476925.png,8476925.0
KEEGAN KOLESAR,vegas-golden-knights,VGK,skater,forward,https://assets.nhle.com/mugs/nhl/latest/8478434.png,8478434.0
BRAYDEN MCNABB,vegas-golden-knights,VGK,skater,defense,https://assets.nhle.com/mugs/nhl/latest/8475188.png,8475188.0
SHEA THEODORE,vegas-golden-knights,VGK,skater,defense,https://assets.nhle.com/mugs/nhl/latest/8477447.png,8477447.0
BEN HUTTON,vegas-golden-knights,VGK,skater,defense,https://assets.nhle.com/mugs/nhl/latest/8477018.png,8477018.0
ZACH WHITECLOUD,vegas-golden-knights,VGK,skater,defense,https://assets.nhle.com/mugs/nhl/latest/8480727.png,8480727.0
JEREMY LAUZON,vegas-golden-knights,VGK,skater,defense,https://assets.nhle.com/mugs/nhl/latest/8478468.png,8478468.0
KAEDAN KORCZAK,vegas-golden-knights,VGK,skater,defense,https://assets.nhle.com/mugs/nhl/latest/8481527.png,8481527.0
AKIRA SCHMID,vegas-golden-knights,VGK,goalie,,https://assets.nhle.com/mugs/nhl/latest/8481033.png,8481033.0
CARL LINDBOM,vegas-golden-knights,VGK,goalie,,https://assets.nhle.com/mugs/nhl/latest/8482761.png,8482761.0
KIRILL KAPRIZOV,minnesota-wild,MIN,skater,forward,https://assets.nhle.com/mugs/nhl/latest/8478864.png,8478864.0
JOEL ERIKSSON EK,minnesota-wild,MIN,skater,forward,https://assets.nhle.com/mugs/nhl/latest/8478493.png,8478493.0
MATT BOLDY,minnesota-wild,MIN,skater,forward,https://assets.nhle.com/mugs/nhl/latest/8481557.png,8481557.0
MARCUS JOHANSSON,minnesota-wild,MIN,skater,forward,https://assets.nhle.com/mugs/nhl/latest/8475149.png,8475149.0
MARCO ROSSI,minnesota-wild,MIN,skater,forward,https://assets.nhle.com/mugs/nhl/latest/8482079.png,8482079.0
VLADIMIR TARASENKO,minnesota-wild,MIN,skater,forward,https://assets.nhle.com/mugs/nhl/latest/8475765.png,8475765.0
MARCUS FOLIGNO,minnesota-wild,MIN,skater,forward,https://assets.nhle.com/mugs/nhl/latest/8475220.png,8475220.0
RYAN HARTMAN,minnesota-wild,MIN,skater,forward,https://assets.nhle.com/mugs/nhl/latest/8477451.png,8477451.0
VINNIE HINOSTROZA,minnesota-wild,MIN,skater,forward,https://assets.nhle.com/mugs/nhl/latest/8476994.png,8476994.0
YAKOV TRENIN,minnesota-wild,MIN,skater,forward,https://assets.nhle.com/mugs/nhl/latest/8478508.png,8478508.0
DANILA YUROV,minnesota-wild,MIN,skater,forward,https://assets.nhle.com/mugs/nhl/latest/8483525.png,8483525.0
TYLER PITLICK,minnesota-wild,MIN,skater,forward,https://assets.nhle.com/mugs/nhl/latest/8475752.png,8475752.0
JONAS BRODIN,minnesota-wild,MIN,skater,defense,https://assets.nhle.com/mugs/nhl/latest/8476463.png,8476463.0
BROCK FABER,minnesota-wild,MIN,skater,defense,https://assets.nhle.com/mugs/nhl/latest/8482122.png,8482122.0
ZEEV BUIUM,minnesota-wild,MIN,skater,defense,https://assets.nhle.com/mugs/nhl/latest/8484798.png,8484798.0
JARED SPURGEON,minnesota-wild,MIN,skater,defense,https://assets.nhle.com/mugs/nhl/latest/8474716.png,8474716.0
JAKE MIDDLETON,minnesota-wild,MIN,skater,defense,https://assets.nhle.com/mugs/nhl/latest/8478136.png,8478136.0
DAVID JIRICEK,minnesota-wild,MIN,skater,defense,https://assets.nhle.com/mugs/nhl/latest/8483460.png,8483460.0
FILIP GUSTAVSSON,minnesota-wild,MIN,goalie,,https://assets.nhle.com/mugs/nhl/latest/8479406.png,8479406.0
JESPER WALLSTEDT,minnesota-wild,MIN,goalie,,https://assets.nhle.com/mugs/nhl/latest/8482661.png,8482661.0
KEVIN FIALA,los-angeles-kings,L.A,skater,forward,https://assets.nhle.com/mugs/nhl/latest/8477942.png,8477942.0
QUINTON BYFIELD,los-angeles-kings,L.A,skater,forward,https://assets.nhle.com/mugs/nhl/latest/8482124.png,8482124.0
JOEL ARMIA,los-angeles-kings,L.A,skater,forward,https://assets.nhle.com/mugs/nhl/latest/8476469.png,8476469.0
ANDREI KUZMENKO,los-angeles-kings,L.A,skater,forward,https://assets.nhle.com/mugs/nhl/latest/8483808.png,8483808.0
ALEX LAFERRIERE,los-angeles-kings,L.A,skater,forward,https://assets.nhle.com/mugs/nhl/latest/8482155.png,8482155.0
ADRIAN KEMPE,los-angeles-kings,L.A,skater,forward,https://assets.nhle.com/mugs/nhl/latest/8477960.png,8477960.0
WARREN FOEGELE,los-angeles-kings,L.A,skater,forward,https://assets.nhle.com/mugs/nhl/latest/8477998.png,8477998.0
PHILLIP DANAULT,los-angeles-kings,L.A,skater,forward,https://assets.nhle.com/mugs/nhl/latest/8476479.png,8476479.0
TREVOR MOORE,los-angeles-kings,L.A,skater,forward,https://assets.nhle.com/mugs/nhl/latest/8479675.png,8479675.0
JEFF MALOTT,los-angeles-kings,L.A,skater,forward,https://assets.nhle.com/mugs/nhl/latest/8482408.png,8482408.0
ALEX TURCOTTE,los-angeles-kings,L.A,skater,forward,https://assets.nhle.com/mugs/nhl/latest/8481532.png,8481532.0
COREY PERRY,los-angeles-kings,L.A,skater,forward,https://assets.nhle.com/mugs/nhl/latest/8470621.png,8470621.0
BRIAN DUMOULIN,los-angeles-kings,L.A,skater,defense,https://assets.nhle.com/mugs/nhl/latest/8475208.png,8475208.0
DREW DOUGHTY,los-angeles-kings,L.A,skater,defense,https://assets.nhle.com/mugs/nhl/latest/8474563.png,8474563.0
JOEL EDMUNDSON,los-angeles-kings,L.A,skater,defense,https://assets.nhle.com/mugs/nhl/latest/8476441.png,8476441.0
BRANDT CLARKE,los-angeles-kings,L.A,skater,defense,https://assets.nhle.com/mugs/nhl/latest/8482730.png,8482730.0
MIKEY ANDERSON,los-angeles-kings,L.A,skater,defense,https://assets.nhle.com/mugs/nhl/latest/8479998.png,8479998.0
CODY CECI,los-angeles-kings,L.A,skater,defense,https://assets.nhle.com/mugs/nhl/latest/8476879.png,8476879.0
DARCY KUEMPER,los-angeles-kings,L.A,goalie,,https://assets.nhle.com/mugs/nhl/latest/8475311.png,8475311.0
ANTON FORSBERG,los-angeles-kings,L.A,goalie,,https://assets.nhle.com/mugs/nhl/latest/8476341.png,8476341.0
LEON DRAISAITL,edmonton-oilers,EDM,skater,forward,https://assets.nhle.com/mugs/nhl/latest/8477934.png,8477934.0
CONNOR MCDAVID,edmonton-oilers,EDM,skater,forward,https://assets.nhle.com/mugs/nhl/latest/8478402.png,8478402.0
MATTHEW SAVOIE,edmonton-oilers,EDM,skater,forward,https://assets.nhle.com/mugs/nhl/latest/8483512.png,8483512.0
ANDREW MANGIAPANE,edmonton-oilers,EDM,skater,forward,https://assets.nhle.com/mugs/nhl/latest/8478233.png,8478233.0
RYAN NUGENT-HOPKINS,edmonton-oilers,EDM,skater,forward,https://assets.nhle.com/mugs/nhl/latest/8476454.png,8476454.0
JACK ROSLOVIC,edmonton-oilers,EDM,skater,forward,https://assets.nhle.com/mugs/nhl/latest/8478458.png,8478458.0
VASILY PODKOLZIN,edmonton-oilers,EDM,skater,forward,https://assets.nhle.com/mugs/nhl/latest/8481617.png,8481617.0
NOAH PHILP,edmonton-oilers,EDM,skater,forward,https://assets.nhle.com/mugs/nhl/latest/8481491.png,8481491.0
TRENT FREDERIC,edmonton-oilers,EDM,skater,forward,https://assets.nhle.com/mugs/nhl/latest/8479365.png,8479365.0
ISAAC HOWARD,edmonton-oilers,EDM,skater,forward,https://assets.nhle.com/mugs/nhl/latest/8483455.png,8483455.0
ADAM HENRIQUE,edmonton-oilers,EDM,skater,forward,https://assets.nhle.com/mugs/nhl/latest/8474641.png,8474641.0
DAVID TOMASEK,edmonton-oilers,EDM,skater,forward,https://assets.nhle.com/mugs/nhl/latest/8485493.png,8485493.0
MATTIAS EKHOLM,edmonton-oilers,EDM,skater,defense,https://assets.nhle.com/mugs/nhl/latest/8475218.png,8475218.0
EVAN BOUCHARD,edmonton-oilers,EDM,skater,defense,https://assets.nhle.com/mugs/nhl/latest/8480803.png,8480803.0
DARNELL NURSE,edmonton-oilers,EDM,skater,defense,https://assets.nhle.com/mugs/nhl/latest/8477498.png,8477498.0
JAKE WALMAN,edmonton-oilers,EDM,skater,defense,https://assets.nhle.com/mugs/nhl/latest/8478013.png,8478013.0
BRETT KULAK,edmonton-oilers,EDM,skater,defense,https://assets.nhle.com/mugs/nhl/latest/8476967.png,8476967.0
TY EMBERSON,edmonton-oilers,EDM,skater,defense,https://assets.nhle.com/mugs/nhl/latest/8480834.png,8480834.0
CALVIN PICKARD,edmonton-oilers,EDM,goalie,,https://assets.nhle.com/mugs/nhl/latest/8475717.png,8475717.0
STUART SKINNER,edmonton-oilers,EDM,goalie,,https://assets.nhle.com/mugs/nhl/latest/8479973.png,8479973.0
BOBBY MCMANN,toronto-maple-leafs,TOR,skater,forward,https://assets.nhle.com/mugs/nhl/latest/8482259.png,8482259.0
AUSTON MATTHEWS,toronto-maple-leafs,TOR,skater,forward,https://assets.nhle.com/mugs/nhl/latest/8479318.png,8479318.0
WILLIAM NYLANDER,toronto-maple-leafs,TOR,skater,forward,https://assets.nhle.com/mugs/nhl/latest/8477939.png,8477939.0
MATTHEW KNIES,toronto-maple-leafs,TOR,skater,forward,https://assets.nhle.com/mugs/nhl/latest/8482720.png,8482720.0
JOHN TAVARES,toronto-maple-leafs,TOR,skater,forward,https://assets.nhle.com/mugs/nhl/latest/8475166.png,8475166.0
MATIAS MACCELLI,toronto-maple-leafs,TOR,skater,forward,https://assets.nhle.com/mugs/nhl/latest/8481711.png,8481711.0
DAKOTA JOSHUA,toronto-maple-leafs,TOR,skater,forward,https://assets.nhle.com/mugs/nhl/latest/8478057.png,8478057.0
NICOLAS ROY,toronto-maple-leafs,TOR,skater,forward,https://assets.nhle.com/mugs/nhl/latest/8478462.png,8478462.0
EASTON COWAN,toronto-maple-leafs,TOR,skater,forward,https://assets.nhle.com/mugs/nhl/latest/8484158.png,8484158.0
STEVEN LORENTZ,toronto-maple-leafs,TOR,skater,forward,https://assets.nhle.com/mugs/nhl/latest/8478904.png,8478904.0
MAX DOMI,toronto-maple-leafs,TOR,skater,forward,https://assets.nhle.com/mugs/nhl/latest/8477503.png,8477503.0
CALLE JARNKROK,toronto-maple-leafs,TOR,skater,forward,https://assets.nhle.com/mugs/nhl/latest/8475714.png,8475714.0
JAKE MCCABE,toronto-maple-leafs,TOR,skater,defense,https://assets.nhle.com/mugs/nhl/latest/8476931.png,8476931.0
BRANDON CARLO,toronto-maple-leafs,TOR,skater,defense,https://assets.nhle.com/mugs/nhl/latest/8478443.png,8478443.0
DAKOTA MERMIS,toronto-maple-leafs,TOR,skater,defense,https://assets.nhle.com/mugs/nhl/latest/8477541.png,8477541.0
OLIVER EKMAN-LARSSON,toronto-maple-leafs,TOR,skater,defense,https://assets.nhle.com/mugs/nhl/latest/8475171.png,8475171.0
SIMON BENOIT,toronto-maple-leafs,TOR,skater,defense,https://assets.nhle.com/mugs/nhl/latest/8481122.png,8481122.0
PHILIPPE MYERS,toronto-maple-leafs,TOR,skater,defense,https://assets.nhle.com/mugs/nhl/latest/8479026.png,8479026.0
ANTHONY STOLARZ,toronto-maple-leafs,TOR,goalie,,https://assets.nhle.com/mugs/nhl/latest/8476932.png,8476932.0
CAYDEN PRIMEAU,toronto-maple-leafs,TOR,goalie,,https://assets.nhle.com/mugs/nhl/latest/8480051.png,8480051.0
TIM STUTZLE,ottawa-senators,OTT,skater,forward,https://assets.nhle.com/mugs/nhl/latest/8482116.png,8482116.0
DYLAN COZENS,ottawa-senators,OTT,skater,forward,https://assets.nhle.com/mugs/nhl/latest/8481528.png,8481528.0
DRAKE BATHERSON,ottawa-senators,OTT,skater,forward,https://assets.nhle.com/mugs/nhl/latest/8480208.png,8480208.0
MICHAEL AMADIO,ottawa-senators,OTT,skater,forward,https://assets.nhle.com/mugs/nhl/latest/8478020.png,8478020.0
SHANE PINTO,ottawa-senators,OTT,skater,forward,https://assets.nhle.com/mugs/nhl/latest/8481596.png,8481596.0
CLAUDE GIROUX,ottawa-senators,OTT,skater,forward,https://assets.nhle.com/mugs/nhl/latest/8473512.png,8473512.0
NICK COUSINS,ottawa-senators,OTT,skater,forward,https://assets.nhle.com/mugs/nhl/latest/8476393.png,8476393.0
RIDLY GREIG,ottawa-senators,OTT,skater,forward,https://assets.nhle.com/mugs/nhl/latest/8482092.png,8482092.0
DAVID PERRON,ottawa-senators,OTT,skater,forward,https://assets.nhle.com/mugs/nhl/latest/8474102.png,8474102.0
OLLE LYCKSELL,ottawa-senators,OTT,skater,forward,https://assets.nhle.com/mugs/nhl/latest/8480245.png,8480245.0
LARS ELLER,ottawa-senators,OTT,skater,forward,https://assets.nhle.com/mugs/nhl/latest/8474189.png,8474189.0
FABIAN ZETTERLUND,ottawa-senators,OTT,skater,forward,https://assets.nhle.com/mugs/nhl/latest/8480188.png,8480188.0
JAKE SANDERSON,ottawa-senators,OTT,skater,defense,https://assets.nhle.com/mugs/nhl/latest/8482105.png,8482105.0
ARTEM ZUB,ottawa-senators,OTT,skater,defense,https://assets.nhle.com/mugs/nhl/latest/8482245.png,8482245.0
THOMAS CHABOT,ottawa-senators,OTT,skater,defense,https://assets.nhle.com/mugs/nhl/latest/8478469.png,8478469.0
NICK JENSEN,ottawa-senators,OTT,skater,defense,https://assets.nhle.com/mugs/nhl/latest/8475324.png,8475324.0
TYLER KLEVEN,ottawa-senators,OTT,skater,defense,https://assets.nhle.com/mugs/nhl/latest/8482095.png,8482095.0
NIKOLAS MATINPALO,ottawa-senators,OTT,skater,defense,https://assets.nhle.com/mugs/nhl/latest/8484321.png,8484321.0
LINUS ULLMARK,ottawa-senators,OTT,goalie,,https://assets.nhle.com/mugs/nhl/latest/8476999.png,8476999.0
LEEVI MERILAINEN,ottawa-senators,OTT,goalie,,https://assets.nhle.com/mugs/nhl/latest/8482447.png,8482447.0
JAKE GUENTZEL,tampa-bay-lightning,T.B,skater,forward,https://assets.nhle.com/mugs/nhl/latest/8477404.png,8477404.0
BRAYDEN POINT,tampa-bay-lightning,T.B,skater,forward,https://assets.nhle.com/mugs/nhl/latest/8478010.png,8478010.0
GAGE GONCALVES,tampa-bay-lightning,T.B,skater,forward,https://assets.nhle.com/mugs/nhl/latest/8482201.png,8482201.0
BRANDON HAGEL,tampa-bay-lightning,T.B,skater,forward,https://assets.nhle.com/mugs/nhl/latest/8479542.png,8479542.0
ANTHONY CIRELLI,tampa-bay-lightning,T.B,skater,forward,https://assets.nhle.com/mugs/nhl/latest/8478519.png,8478519.0
NIKITA KUCHEROV,tampa-bay-lightning,T.B,skater,forward,https://assets.nhle.com/mugs/nhl/latest/8476453.png,8476453.0
OLIVER BJORKSTRAND,tampa-bay-lightning,T.B,skater,forward,https://assets.nhle.com/mugs/nhl/latest/8477416.png,8477416.0
YANNI GOURDE,tampa-bay-lightning,T.B,skater,forward,https://assets.nhle.com/mugs/nhl/latest/8476826.png,8476826.0
DOMINIC JAMES,tampa-bay-lightning,T.B,skater,forward,https://assets.nhle.com/mugs/nhl/latest/8483752.png,8483752.0
CURTIS DOUGLAS,tampa-bay-lightning,T.B,skater,forward,https://assets.nhle.com/mugs/nhl/latest/8480876.png,8480876.0
PONTUS HOLMBERG,tampa-bay-lightning,T.B,skater,forward,https://assets.nhle.com/mugs/nhl/latest/8480995.png,8480995.0
MITCHELL CHAFFEE,tampa-bay-lightning,T.B,skater,forward,https://assets.nhle.com/mugs/nhl/latest/8482070.png,8482070.0
VICTOR HEDMAN,tampa-bay-lightning,T.B,skater,defense,https://assets.nhle.com/mugs/nhl/latest/8475167.png,8475167.0
J.J. MOSER,tampa-bay-lightning,T.B,skater,defense,https://assets.nhle.com/mugs/nhl/latest/8482655.png,8482655.0
RYAN MCDONAGH,tampa-bay-lightning,T.B,skater,defense,https://assets.nhle.com/mugs/nhl/latest/8474151.png,8474151.0
ERIK CERNAK,tampa-bay-lightning,T.B,skater,defense,https://assets.nhle.com/mugs/nhl/latest/8478416.png,8478416.0
EMIL LILLEBERG,tampa-bay-lightning,T.B,skater,defense,https://assets.nhle.com/mugs/nhl/latest/8482929.png,8482929.0
EMIL LILLEBERG,tampa-bay-lightning,T.B,skater,defense,https://assets.nhle.com/mugs/nhl/latest/8482929.png,
DARREN RADDYSH,tampa-bay-lightning,T.B,skater,defense,https://assets.nhle.com/mugs/nhl/latest/8478178.png,8478178.0
ANDREI VASILEVSKIY,tampa-bay-lightning,T.B,goalie,,https://assets.nhle.com/mugs/nhl/latest/8476883.png,8476883.0
JONAS JOHANSSON,tampa-bay-lightning,T.B,goalie,,https://assets.nhle.com/mugs/nhl/latest/8477992.png,8477992.0
CARTER VERHAEGHE,florida-panthers,FLA,skater,forward,https://assets.nhle.com/mugs/nhl/latest/8477409.png,8477409.0
SAM BENNETT,florida-panthers,FLA,skater,forward,https://assets.nhle.com/mugs/nhl/latest/8477935.png,8477935.0
SAM REINHART,florida-panthers,FLA,skater,forward,https://assets.nhle.com/mugs/nhl/latest/8477933.png,8477933.0
EETU LUOSTARINEN,florida-panthers,FLA,skater,forward,https://assets.nhle.com/mugs/nhl/latest/8480185.png,8480185.0
ANTON LUNDELL,florida-panthers,FLA,skater,forward,https://assets.nhle.com/mugs/nhl/latest/8482113.png,8482113.0
BRAD MARCHAND,florida-panthers,FLA,skater,forward,https://assets.nhle.com/mugs/nhl/latest/8473419.png,8473419.0
JESPER BOQVIST,florida-panthers,FLA,skater,forward,https://assets.nhle.com/mugs/nhl/latest/8480003.png,8480003.0
EVAN RODRIGUES,florida-panthers,FLA,skater,forward,https://assets.nhle.com/mugs/nhl/latest/8478542.png,8478542.0
MACKIE SAMOSKEVICH,florida-panthers,FLA,skater,forward,https://assets.nhle.com/mugs/nhl/latest/8482713.png,8482713.0
A.J. GREER,florida-panthers,FLA,skater,forward,https://assets.nhle.com/mugs/nhl/latest/8478421.png,8478421.0
LUKE KUNIN,florida-panthers,FLA,skater,forward,https://assets.nhle.com/mugs/nhl/latest/8479316.png,8479316.0
JONAH GADJOVICH,florida-panthers,FLA,skater,forward,https://assets.nhle.com/mugs/nhl/latest/8479981.png,8479981.0
GUSTAV FORSLING,florida-panthers,FLA,skater,defense,https://assets.nhle.com/mugs/nhl/latest/8478055.png,8478055.0
AARON EKBLAD,florida-panthers,FLA,skater,defense,https://assets.nhle.com/mugs/nhl/latest/8477932.png,8477932.0
NIKO MIKKOLA,florida-panthers,FLA,skater,defense,https://assets.nhle.com/mugs/nhl/latest/8478859.png,8478859.0
SETH JONES,florida-panthers,FLA,skater,defense,https://assets.nhle.com/mugs/nhl/latest/8477495.png,8477495.0
UVIS BALINSKIS,florida-panthers,FLA,skater,defense,https://assets.nhle.com/mugs/nhl/latest/8484304.png,8484304.0
JEFF PETRY,florida-panthers,FLA,skater,defense,https://assets.nhle.com/mugs/nhl/latest/8473507.png,8473507.0
SERGEI BOBROVSKY,florida-panthers,FLA,goalie,,https://assets.nhle.com/mugs/nhl/latest/8475683.png,8475683.0
DANIIL TARASOV,florida-panthers,FLA,goalie,,https://assets.nhle.com/mugs/nhl/latest/8480193.png,8480193.0
ALEX OVECHKIN,washington-capitals,WSH,skater,forward,https://assets.nhle.com/mugs/nhl/latest/8471214.png,8471214.0
DYLAN STROME,washington-capitals,WSH,skater,forward,https://assets.nhle.com/mugs/nhl/latest/8478440.png,8478440.0
ANTHONY BEAUVILLIER,washington-capitals,WSH,skater,forward,https://assets.nhle.com/mugs/nhl/latest/8478463.png,8478463.0
ALIAKSEI PROTAS,washington-capitals,WSH,skater,forward,https://assets.nhle.com/mugs/nhl/latest/8481656.png,8481656.0
PIERRE-LUC DUBOIS,washington-capitals,WSH,skater,forward,https://assets.nhle.com/mugs/nhl/latest/8479400.png,8479400.0
RYAN LEONARD,washington-capitals,WSH,skater,forward,https://assets.nhle.com/mugs/nhl/latest/8484186.png,8484186.0
HENDRIX LAPIERRE,washington-capitals,WSH,skater,forward,https://assets.nhle.com/mugs/nhl/latest/8482148.png,8482148.0
CONNOR MCMICHAEL,washington-capitals,WSH,skater,forward,https://assets.nhle.com/mugs/nhl/latest/8481580.png,8481580.0
TOM WILSON,washington-capitals,WSH,skater,forward,https://assets.nhle.com/mugs/nhl/latest/8476880.png,8476880.0
BRANDON DUHAIME,washington-capitals,WSH,skater,forward,https://assets.nhle.com/mugs/nhl/latest/8479520.png,8479520.0
NIC DOWD,washington-capitals,WSH,skater,forward,https://assets.nhle.com/mugs/nhl/latest/8475343.png,8475343.0
JUSTIN SOURDIF,washington-capitals,WSH,skater,forward,https://assets.nhle.com/mugs/nhl/latest/8482088.png,8482088.0
MARTIN FEHERVARY,washington-capitals,WSH,skater,defense,https://assets.nhle.com/mugs/nhl/latest/8480796.png,8480796.0
JOHN CARLSON,washington-capitals,WSH,skater,defense,https://assets.nhle.com/mugs/nhl/latest/8474590.png,8474590.0
JAKOB CHYCHRUN,washington-capitals,WSH,skater,defense,https://assets.nhle.com/mugs/nhl/latest/8479345.png,8479345.0
MATT ROY,washington-capitals,WSH,skater,defense,https://assets.nhle.com/mugs/nhl/latest/8478911.png,8478911.0
DECLAN CHISHOLM,washington-capitals,WSH,skater,defense,https://assets.nhle.com/mugs/nhl/latest/8480990.png,8480990.0
TREVOR VAN RIEMSDYK,washington-capitals,WSH,skater,defense,https://assets.nhle.com/mugs/nhl/latest/8477845.png,8477845.0
LOGAN THOMPSON,washington-capitals,WSH,goalie,,https://assets.nhle.com/mugs/nhl/latest/8480313.png,8480313.0
CHARLIE LINDGREN,washington-capitals,WSH,goalie,,https://assets.nhle.com/mugs/nhl/latest/8479292.png,8479292.0
COLE CAUFIELD,montreal-canadiens,MTL,skater,forward,https://assets.nhle.com/mugs/nhl/latest/8481540.png,8481540.0
NICK SUZUKI,montreal-canadiens,MTL,skater,forward,https://assets.nhle.com/mugs/nhl/latest/8480018.png,8480018.0
JURAJ SLAFKOVSKY,montreal-canadiens,MTL,skater,forward,https://assets.nhle.com/mugs/nhl/latest/8483515.png,8483515.0
ALEX NEWHOOK,montreal-canadiens,MTL,skater,forward,https://assets.nhle.com/mugs/nhl/latest/8481618.png,8481618.0
OLIVER KAPANEN,montreal-canadiens,MTL,skater,forward,https://assets.nhle.com/mugs/nhl/latest/8482775.png,8482775.0
IVAN DEMIDOV,montreal-canadiens,MTL,skater,forward,https://assets.nhle.com/mugs/nhl/latest/8484984.png,8484984.0
JOSH ANDERSON,montreal-canadiens,MTL,skater,forward,https://assets.nhle.com/mugs/nhl/latest/8476981.png,8476981.0
JAKE EVANS,montreal-canadiens,MTL,skater,forward,https://assets.nhle.com/mugs/nhl/latest/8478133.png,8478133.0
BRENDAN GALLAGHER,montreal-canadiens,MTL,skater,forward,https://assets.nhle.com/mugs/nhl/latest/8475848.png,8475848.0
KIRBY DACH,montreal-canadiens,MTL,skater,forward,https://assets.nhle.com/mugs/nhl/latest/8481523.png,8481523.0
JOE VELENO,montreal-canadiens,MTL,skater,forward,https://assets.nhle.com/mugs/nhl/latest/8480813.png,8480813.0
ZACK BOLDUC,montreal-canadiens,MTL,skater,forward,https://assets.nhle.com/mugs/nhl/latest/8482737.png,8482737.0
ZACK BOLDUC,montreal-canadiens,MTL,skater,forward,https://assets.nhle.com/mugs/nhl/latest/8482737.png,
MIKE MATHESON,montreal-canadiens,MTL,skater,defense,https://assets.nhle.com/mugs/nhl/latest/8476875.png,8476875.0
NOAH DOBSON,montreal-canadiens,MTL,skater,defense,https://assets.nhle.com/mugs/nhl/latest/8480865.png,8480865.0
JAYDEN STRUBLE,montreal-canadiens,MTL,skater,defense,https://assets.nhle.com/mugs/nhl/latest/8481593.png,8481593.0
LANE HUTSON,montreal-canadiens,MTL,skater,defense,https://assets.nhle.com/mugs/nhl/latest/8483457.png,8483457.0
ARBER XHEKAJ,montreal-canadiens,MTL,skater,defense,https://assets.nhle.com/mugs/nhl/latest/8482964.png,8482964.0
ALEX CARRIER,montreal-canadiens,MTL,skater,defense,https://assets.nhle.com/mugs/nhl/latest/8478851.png,8478851.0
SAM MONTEMBEAULT,montreal-canadiens,MTL,goalie,,https://assets.nhle.com/mugs/nhl/latest/8478470.png,8478470.0
JAKUB DOBES,montreal-canadiens,MTL,goalie,,https://assets.nhle.com/mugs/nhl/latest/8482487.png,8482487.0
NIKOLAJ EHLERS,carolina-hurricanes,CAR,skater,forward,https://assets.nhle.com/mugs/nhl/latest/8477940.png,8477940.0
SEBASTIAN AHO,carolina-hurricanes,CAR,skater,forward,https://assets.nhle.com/mugs/nhl/latest/8478427.png,8478427.0
SETH JARVIS,carolina-hurricanes,CAR,skater,forward,https://assets.nhle.com/mugs/nhl/latest/8482093.png,8482093.0
TAYLOR HALL,carolina-hurricanes,CAR,skater,forward,https://assets.nhle.com/mugs/nhl/latest/8475791.png,8475791.0
LOGAN STANKOVEN,carolina-hurricanes,CAR,skater,forward,https://assets.nhle.com/mugs/nhl/latest/8482702.png,8482702.0
JACKSON BLAKE,carolina-hurricanes,CAR,skater,forward,https://assets.nhle.com/mugs/nhl/latest/8482809.png,8482809.0
WILLIAM CARRIER,carolina-hurricanes,CAR,skater,forward,https://assets.nhle.com/mugs/nhl/latest/8477478.png,8477478.0
JORDAN STAAL,carolina-hurricanes,CAR,skater,forward,https://assets.nhle.com/mugs/nhl/latest/8473533.png,8473533.0
JORDAN MARTINOOK,carolina-hurricanes,CAR,skater,forward,https://assets.nhle.com/mugs/nhl/latest/8476921.png,8476921.0
ANDREI SVECHNIKOV,carolina-hurricanes,CAR,skater,forward,https://assets.nhle.com/mugs/nhl/latest/8480830.png,8480830.0
JESPERI KOTKANIEMI,carolina-hurricanes,CAR,skater,forward,https://assets.nhle.com/mugs/nhl/latest/8480829.png,8480829.0
ERIC ROBINSON,carolina-hurricanes,CAR,skater,forward,https://assets.nhle.com/mugs/nhl/latest/8480762.png,8480762.0
K'ANDRE MILLER,carolina-hurricanes,CAR,skater,defense,https://assets.nhle.com/mugs/nhl/latest/8480817.png,8480817.0
SEAN WALKER,carolina-hurricanes,CAR,skater,defense,https://assets.nhle.com/mugs/nhl/latest/8480336.png,8480336.0
MIKE REILLY,carolina-hurricanes,CAR,skater,defense,https://assets.nhle.com/mugs/nhl/latest/8476422.png,8476422.0
JALEN CHATFIELD,carolina-hurricanes,CAR,skater,defense,https://assets.nhle.com/mugs/nhl/latest/8478970.png,8478970.0
ALEXANDER NIKISHIN,carolina-hurricanes,CAR,skater,defense,https://assets.nhle.com/mugs/nhl/latest/8482100.png,8482100.0
CHARLES-ALEXIS LEGAULT,carolina-hurricanes,CAR,skater,defense,https://assets.nhle.com/mugs/nhl/latest/8484428.png,8484428.0
FREDERIK ANDERSEN,carolina-hurricanes,CAR,goalie,,https://assets.nhle.com/mugs/nhl/latest/8475883.png,8475883.0
BRANDON BUSSI,carolina-hurricanes,CAR,goalie,,https://assets.nhle.com/mugs/nhl/latest/8483548.png,8483548.0
ONDREJ PALAT,new-jersey-devils,N.J,skater,forward,https://assets.nhle.com/mugs/nhl/latest/8476292.png,8476292.0
JACK HUGHES,new-jersey-devils,N.J,skater,forward,https://assets.nhle.com/mugs/nhl/latest/8481559.png,8481559.0
JESPER BRATT,new-jersey-devils,N.J,skater,forward,https://assets.nhle.com/mugs/nhl/latest/8479407.png,8479407.0
TIMO MEIER,new-jersey-devils,N.J,skater,forward,https://assets.nhle.com/mugs/nhl/latest/8478414.png,8478414.0
NICO HISCHIER,new-jersey-devils,N.J,skater,forward,https://assets.nhle.com/mugs/nhl/latest/8480002.png,8480002.0
ARSENY GRITSYUK,new-jersey-devils,N.J,skater,forward,,
PAUL COTTER,new-jersey-devils,N.J,skater,forward,https://assets.nhle.com/mugs/nhl/latest/8481032.png,8481032.0
DAWSON MERCER,new-jersey-devils,N.J,skater,forward,https://assets.nhle.com/mugs/nhl/latest/8482110.png,8482110.0
CONNOR BROWN,new-jersey-devils,N.J,skater,forward,https://assets.nhle.com/mugs/nhl/latest/8477015.png,8477015.0
BRIAN HALONEN,new-jersey-devils,N.J,skater,forward,https://assets.nhle.com/mugs/nhl/latest/8483531.png,8483531.0
LUKE GLENDENING,new-jersey-devils,N.J,skater,forward,https://assets.nhle.com/mugs/nhl/latest/8476822.png,8476822.0
STEFAN NOESEN,new-jersey-devils,N.J,skater,forward,https://assets.nhle.com/mugs/nhl/latest/8476474.png,8476474.0
LUKE HUGHES,new-jersey-devils,N.J,skater,defense,https://assets.nhle.com/mugs/nhl/latest/8482684.png,8482684.0
BRETT PESCE,new-jersey-devils,N.J,skater,defense,https://assets.nhle.com/mugs/nhl/latest/8477488.png,8477488.0
JONAS SIEGENTHALER,new-jersey-devils,N.J,skater,defense,https://assets.nhle.com/mugs/nhl/latest/8478399.png,8478399.0
DOUGIE HAMILTON,new-jersey-devils,N.J,skater,defense,https://assets.nhle.com/mugs/nhl/latest/8476462.png,8476462.0
BRENDEN DILLON,new-jersey-devils,N.J,skater,defense,https://assets.nhle.com/mugs/nhl/latest/8475455.png,8475455.0
SIMON NEMEC,new-jersey-devils,N.J,skater,defense,https://assets.nhle.com/mugs/nhl/latest/8483495.png,8483495.0
JAKE ALLEN,new-jersey-devils,N.J,goalie,,https://assets.nhle.com/mugs/nhl/latest/8474596.png,8474596.0
NICO DAWS,new-jersey-devils,N.J,goalie,,https://assets.nhle.com/mugs/nhl/latest/8482076.png,8482076.0
CUTTER GAUTHIER,anaheim-ducks,ANA,skater,forward,https://assets.nhle.com/mugs/nhl/latest/8483445.png,8483445.0
LEO CARLSSON,anaheim-ducks,ANA,skater,forward,https://assets.nhle.com/mugs/nhl/latest/8484153.png,8484153.0
ALEX KILLORN,anaheim-ducks,ANA,skater,forward,https://assets.nhle.com/mugs/nhl/latest/8473986.png,8473986.0
FRANK VATRANO,anaheim-ducks,ANA,skater,forward,https://assets.nhle.com/mugs/nhl/latest/8478366.png,8478366.0
MASON MCTAVISH,anaheim-ducks,ANA,skater,forward,https://assets.nhle.com/mugs/nhl/latest/8482745.png,8482745.0
BECKETT SENNECKE,anaheim-ducks,ANA,skater,forward,https://assets.nhle.com/mugs/nhl/latest/8484762.png,8484762.0
NIKITA NESTERENKO,anaheim-ducks,ANA,skater,forward,https://assets.nhle.com/mugs/nhl/latest/8481754.png,8481754.0
MIKAEL GRANLUND,anaheim-ducks,ANA,skater,forward,https://assets.nhle.com/mugs/nhl/latest/8475798.png,8475798.0
TROY TERRY,anaheim-ducks,ANA,skater,forward,https://assets.nhle.com/mugs/nhl/latest/8478873.png,8478873.0
ROSS JOHNSTON,anaheim-ducks,ANA,skater,forward,https://assets.nhle.com/mugs/nhl/latest/8477527.png,8477527.0
RYAN POEHLING,anaheim-ducks,ANA,skater,forward,https://assets.nhle.com/mugs/nhl/latest/8480068.png,8480068.0
SAM COLANGELO,anaheim-ducks,ANA,skater,forward,https://assets.nhle.com/mugs/nhl/latest/8482118.png,8482118.0
JACKSON LACOMBE,anaheim-ducks,ANA,skater,defense,https://assets.nhle.com/mugs/nhl/latest/8481605.png,8481605.0
DREW HELLESON,anaheim-ducks,ANA,skater,defense,https://assets.nhle.com/mugs/nhl/latest/8481563.png,8481563.0
OLEN ZELLWEGER,anaheim-ducks,ANA,skater,defense,https://assets.nhle.com/mugs/nhl/latest/8482803.png,8482803.0
JACOB TROUBA,anaheim-ducks,ANA,skater,defense,https://assets.nhle.com/mugs/nhl/latest/8476885.png,8476885.0
PAVEL MINTYUKOV,anaheim-ducks,ANA,skater,defense,https://assets.nhle.com/mugs/nhl/latest/8483490.png,8483490.0
RADKO GUDAS,anaheim-ducks,ANA,skater,defense,https://assets.nhle.com/mugs/nhl/latest/8475462.png,8475462.0
PETR MRAZEK,anaheim-ducks,ANA,goalie,,https://assets.nhle.com/mugs/nhl/latest/8475852.png,8475852.0
LUKAS DOSTAL,anaheim-ducks,ANA,goalie,,https://assets.nhle.com/mugs/nhl/latest/8480843.png,8480843.0
CLAYTON KELLER,utah-mammoth,UTA,skater,forward,https://assets.nhle.com/mugs/nhl/latest/8479343.png,8479343.0
BARRETT HAYTON,utah-mammoth,UTA,skater,forward,https://assets.nhle.com/mugs/nhl/latest/8480849.png,8480849.0
NICK SCHMALTZ,utah-mammoth,UTA,skater,forward,https://assets.nhle.com/mugs/nhl/latest/8477951.png,8477951.0
JJ PETERKA,utah-mammoth,UTA,skater,forward,https://assets.nhle.com/mugs/nhl/latest/8482175.png,8482175.0
LOGAN COOLEY,utah-mammoth,UTA,skater,forward,https://assets.nhle.com/mugs/nhl/latest/8483431.png,8483431.0
DYLAN GUENTHER,utah-mammoth,UTA,skater,forward,https://assets.nhle.com/mugs/nhl/latest/8482699.png,8482699.0
LAWSON CROUSE,utah-mammoth,UTA,skater,forward,https://assets.nhle.com/mugs/nhl/latest/8478474.png,8478474.0
JACK MCBAIN,utah-mammoth,UTA,skater,forward,https://assets.nhle.com/mugs/nhl/latest/8480855.png,8480855.0
MICHAEL CARCONE,utah-mammoth,UTA,skater,forward,https://assets.nhle.com/mugs/nhl/latest/8479619.png,8479619.0
BRANDON TANEV,utah-mammoth,UTA,skater,forward,https://assets.nhle.com/mugs/nhl/latest/8479293.png,8479293.0
KEVIN STENLUND,utah-mammoth,UTA,skater,forward,https://assets.nhle.com/mugs/nhl/latest/8478831.png,8478831.0
LIAM O'BRIEN,utah-mammoth,UTA,skater,forward,https://assets.nhle.com/mugs/nhl/latest/8477070.png,8477070.0
MIKHAIL SERGACHEV,utah-mammoth,UTA,skater,defense,https://assets.nhle.com/mugs/nhl/latest/8479410.png,8479410.0
DMITRI SIMASHEV,utah-mammoth,UTA,skater,defense,https://assets.nhle.com/mugs/nhl/latest/8484386.png,8484386.0
NATE SCHMIDT,utah-mammoth,UTA,skater,defense,https://assets.nhle.com/mugs/nhl/latest/8477220.png,8477220.0
JOHN MARINO,utah-mammoth,UTA,skater,defense,https://assets.nhle.com/mugs/nhl/latest/8478507.png,8478507.0
IAN COLE,utah-mammoth,UTA,skater,defense,https://assets.nhle.com/mugs/nhl/latest/8474013.png,8474013.0
OLLI MAATTA,utah-mammoth,UTA,skater,defense,https://assets.nhle.com/mugs/nhl/latest/8476874.png,8476874.0
KAREL VEJMELKA,utah-mammoth,UTA,goalie,,https://assets.nhle.com/mugs/nhl/latest/8478872.png,8478872.0
VITEK VANECEK,utah-mammoth,UTA,goalie,,https://assets.nhle.com/mugs/nhl/latest/8477970.png,8477970.0
MORGAN GEEKIE,boston-bruins,BOS,skater,forward,https://assets.nhle.com/mugs/nhl/latest/8479987.png,8479987.0
ELIAS LINDHOLM,boston-bruins,BOS,skater,forward,https://assets.nhle.com/mugs/nhl/latest/8477496.png,8477496.0
DAVID PASTRNAK,boston-bruins,BOS,skater,forward,https://assets.nhle.com/mugs/nhl/latest/8477956.png,8477956.0
CASEY MITTELSTADT,boston-bruins,BOS,skater,forward,https://assets.nhle.com/mugs/nhl/latest/8479999.png,8479999.0
PAVEL ZACHA,boston-bruins,BOS,skater,forward,https://assets.nhle.com/mugs/nhl/latest/8478401.png,8478401.0
VIKTOR ARVIDSSON,boston-bruins,BOS,skater,forward,https://assets.nhle.com/mugs/nhl/latest/8478042.png,8478042.0
TANNER JEANNOT,boston-bruins,BOS,skater,forward,https://assets.nhle.com/mugs/nhl/latest/8479661.png,8479661.0
FRASER MINTEN,boston-bruins,BOS,skater,forward,https://assets.nhle.com/mugs/nhl/latest/8483489.png,8483489.0
JEFFREY VIEL,boston-bruins,BOS,skater,forward,https://assets.nhle.com/mugs/nhl/latest/8479705.png,8479705.0
MICHAEL EYSSIMONT,boston-bruins,BOS,skater,forward,https://assets.nhle.com/mugs/nhl/latest/8479591.png,8479591.0
SEAN KURALY,boston-bruins,BOS,skater,forward,https://assets.nhle.com/mugs/nhl/latest/8476374.png,8476374.0
MARK KASTELIC,boston-bruins,BOS,skater,forward,https://assets.nhle.com/mugs/nhl/latest/8480355.png,8480355.0
MASON LOHREI,boston-bruins,BOS,skater,defense,https://assets.nhle.com/mugs/nhl/latest/8482511.png,8482511.0
CHARLIE MCAVOY,boston-bruins,BOS,skater,defense,https://assets.nhle.com/mugs/nhl/latest/8479325.png,8479325.0
NIKITA ZADOROV,boston-bruins,BOS,skater,defense,https://assets.nhle.com/mugs/nhl/latest/8477507.png,8477507.0
ANDREW PEEKE,boston-bruins,BOS,skater,defense,https://assets.nhle.com/mugs/nhl/latest/8479369.png,8479369.0
MICHAEL CALLAHAN,boston-bruins,BOS,skater,defense,https://assets.nhle.com/mugs/nhl/latest/8480828.png,8480828.0
HENRI JOKIHARJU,boston-bruins,BOS,skater,defense,https://assets.nhle.com/mugs/nhl/latest/8480035.png,8480035.0
JEREMY SWAYMAN,boston-bruins,BOS,goalie,,https://assets.nhle.com/mugs/nhl/latest/8480280.png,8480280.0
JOONAS KORPISALO,boston-bruins,BOS,goalie,,https://assets.nhle.com/mugs/nhl/latest/8476914.png,8476914.0
ZACH BENSON,buffalo-sabres,BUF,skater,forward,https://assets.nhle.com/mugs/nhl/latest/8484145.png,8484145.0
JIRI KULICH,buffalo-sabres,BUF,skater,forward,https://assets.nhle.com/mugs/nhl/latest/8483468.png,8483468.0
TAGE THOMPSON,buffalo-sabres,BUF,skater,forward,https://assets.nhle.com/mugs/nhl/latest/8479420.png,8479420.0
JOSH DOAN,buffalo-sabres,BUF,skater,forward,https://assets.nhle.com/mugs/nhl/latest/8482659.png,8482659.0
RYAN MCLEOD,buffalo-sabres,BUF,skater,forward,https://assets.nhle.com/mugs/nhl/latest/8480802.png,8480802.0
ALEX TUCH,buffalo-sabres,BUF,skater,forward,https://assets.nhle.com/mugs/nhl/latest/8477949.png,8477949.0
JASON ZUCKER,buffalo-sabres,BUF,skater,forward,https://assets.nhle.com/mugs/nhl/latest/8475722.png,8475722.0
NOAH OSTLUND,buffalo-sabres,BUF,skater,forward,https://assets.nhle.com/mugs/nhl/latest/8483500.png,8483500.0
JACK QUINN,buffalo-sabres,BUF,skater,forward,https://assets.nhle.com/mugs/nhl/latest/8482097.png,8482097.0
PEYTON KREBS,buffalo-sabres,BUF,skater,forward,https://assets.nhle.com/mugs/nhl/latest/8481522.png,8481522.0
TYSON KOZAK,buffalo-sabres,BUF,skater,forward,https://assets.nhle.com/mugs/nhl/latest/8482896.png,8482896.0
BECK MALENSTYN,buffalo-sabres,BUF,skater,forward,https://assets.nhle.com/mugs/nhl/latest/8479359.png,8479359.0
RASMUS DAHLIN,buffalo-sabres,BUF,skater,defense,https://assets.nhle.com/mugs/nhl/latest/8480839.png,8480839.0
BOWEN BYRAM,buffalo-sabres,BUF,skater,defense,https://assets.nhle.com/mugs/nhl/latest/8481524.png,8481524.0
OWEN POWER,buffalo-sabres,BUF,skater,defense,https://assets.nhle.com/mugs/nhl/latest/8482671.png,8482671.0
CONOR TIMMINS,buffalo-sabres,BUF,skater,defense,https://assets.nhle.com/mugs/nhl/latest/8479982.png,8479982.0
MATTIAS SAMUELSSON,buffalo-sabres,BUF,skater,defense,https://assets.nhle.com/mugs/nhl/latest/8480807.png,8480807.0
ZACH METSA,buffalo-sabres,BUF,skater,defense,,
COLTEN ELLIS,buffalo-sabres,BUF,goalie,,https://assets.nhle.com/mugs/nhl/latest/8481551.png,8481551.0
ALEX LYON,buffalo-sabres,BUF,goalie,,https://assets.nhle.com/mugs/nhl/latest/8479312.png,8479312.0
JONATHAN HUBERDEAU,calgary-flames,CGY,skater,forward,https://assets.nhle.com/mugs/nhl/latest/8476456.png,8476456.0
NAZEM KADRI,calgary-flames,CGY,skater,forward,https://assets.nhle.com/mugs/nhl/latest/8475172.png,8475172.0
JOEL FARABEE,calgary-flames,CGY,skater,forward,https://assets.nhle.com/mugs/nhl/latest/8480797.png,8480797.0
BLAKE COLEMAN,calgary-flames,CGY,skater,forward,https://assets.nhle.com/mugs/nhl/latest/8476399.png,8476399.0
MIKAEL BACKLUND,calgary-flames,CGY,skater,forward,https://assets.nhle.com/mugs/nhl/latest/8474150.png,8474150.0
MATT CORONATO,calgary-flames,CGY,skater,forward,https://assets.nhle.com/mugs/nhl/latest/8482679.png,8482679.0
SAMUEL HONZEK,calgary-flames,CGY,skater,forward,https://assets.nhle.com/mugs/nhl/latest/8484180.png,8484180.0
MORGAN FROST,calgary-flames,CGY,skater,forward,https://assets.nhle.com/mugs/nhl/latest/8480028.png,8480028.0
CONNOR ZARY,calgary-flames,CGY,skater,forward,https://assets.nhle.com/mugs/nhl/latest/8482074.png,8482074.0
RYAN LOMBERG,calgary-flames,CGY,skater,forward,https://assets.nhle.com/mugs/nhl/latest/8479066.png,8479066.0
JUSTIN KIRKLAND,calgary-flames,CGY,skater,forward,https://assets.nhle.com/mugs/nhl/latest/8477993.png,8477993.0
ADAM KLAPKA,calgary-flames,CGY,skater,forward,https://assets.nhle.com/mugs/nhl/latest/8483609.png,8483609.0
KEVIN BAHL,calgary-flames,CGY,skater,defense,https://assets.nhle.com/mugs/nhl/latest/8480860.png,8480860.0
RASMUS ANDERSSON,calgary-flames,CGY,skater,defense,https://assets.nhle.com/mugs/nhl/latest/8478397.png,8478397.0
JAKE BEAN,calgary-flames,CGY,skater,defense,https://assets.nhle.com/mugs/nhl/latest/8479402.png,8479402.0
MACKENZIE WEEGAR,calgary-flames,CGY,skater,defense,https://assets.nhle.com/mugs/nhl/latest/8477346.png,8477346.0
JOEL HANLEY,calgary-flames,CGY,skater,defense,https://assets.nhle.com/mugs/nhl/latest/8477810.png,8477810.0
ZAYNE PAREKH,calgary-flames,CGY,skater,defense,https://assets.nhle.com/mugs/nhl/latest/8484768.png,8484768.0
DUSTIN WOLF,calgary-flames,CGY,goalie,,https://assets.nhle.com/mugs/nhl/latest/8481692.png,8481692.0
DEVIN COOLEY,calgary-flames,CGY,goalie,,https://assets.nhle.com/mugs/nhl/latest/8482445.png,8482445.0
LUKAS REICHEL,chicago-blackhawks,CHI,skater,forward,https://assets.nhle.com/mugs/nhl/latest/8482117.png,8482117.0
CONNOR BEDARD,chicago-blackhawks,CHI,skater,forward,https://assets.nhle.com/mugs/nhl/latest/8484144.png,8484144.0
TYLER BERTUZZI,chicago-blackhawks,CHI,skater,forward,https://assets.nhle.com/mugs/nhl/latest/8477479.png,8477479.0
TEUVO TERAVAINEN,chicago-blackhawks,CHI,skater,forward,https://assets.nhle.com/mugs/nhl/latest/8476882.png,8476882.0
FRANK NAZAR,chicago-blackhawks,CHI,skater,forward,https://assets.nhle.com/mugs/nhl/latest/8483493.png,8483493.0
ILYA MIKHEYEV,chicago-blackhawks,CHI,skater,forward,https://assets.nhle.com/mugs/nhl/latest/8481624.png,8481624.0
SAM LAFFERTY,chicago-blackhawks,CHI,skater,forward,https://assets.nhle.com/mugs/nhl/latest/8478043.png,8478043.0
RYAN GREENE,chicago-blackhawks,CHI,skater,forward,https://assets.nhle.com/mugs/nhl/latest/8483450.png,8483450.0
RYAN DONATO,chicago-blackhawks,CHI,skater,forward,https://assets.nhle.com/mugs/nhl/latest/8477987.png,8477987.0
LANDON SLAGGERT,chicago-blackhawks,CHI,skater,forward,https://assets.nhle.com/mugs/nhl/latest/8482172.png,8482172.0
NICK FOLIGNO,chicago-blackhawks,CHI,skater,forward,https://assets.nhle.com/mugs/nhl/latest/8473422.png,8473422.0
COLTON DACH,chicago-blackhawks,CHI,skater,forward,https://assets.nhle.com/mugs/nhl/latest/8482703.png,8482703.0
ALEX VLASIC,chicago-blackhawks,CHI,skater,defense,https://assets.nhle.com/mugs/nhl/latest/8481568.png,8481568.0
SAM RINZEL,chicago-blackhawks,CHI,skater,defense,https://assets.nhle.com/mugs/nhl/latest/8483506.png,8483506.0
WYATT KAISER,chicago-blackhawks,CHI,skater,defense,https://assets.nhle.com/mugs/nhl/latest/8482176.png,8482176.0
ARTYOM LEVSHUNOV,chicago-blackhawks,CHI,skater,defense,https://assets.nhle.com/mugs/nhl/latest/8484783.png,8484783.0
MATT GRZELCYK,chicago-blackhawks,CHI,skater,defense,https://assets.nhle.com/mugs/nhl/latest/8476891.png,8476891.0
CONNOR MURPHY,chicago-blackhawks,CHI,skater,defense,https://assets.nhle.com/mugs/nhl/latest/8476473.png,8476473.0
SPENCER KNIGHT,chicago-blackhawks,CHI,goalie,,https://assets.nhle.com/mugs/nhl/latest/8481519.png,8481519.0
ARVID SODERBLOM,chicago-blackhawks,CHI,goalie,,https://assets.nhle.com/mugs/nhl/latest/8482821.png,8482821.0
DMITRI VORONKOV,columbus-blue-jackets,CBJ,skater,forward,https://assets.nhle.com/mugs/nhl/latest/8481716.png,8481716.0
SEAN MONAHAN,columbus-blue-jackets,CBJ,skater,forward,https://assets.nhle.com/mugs/nhl/latest/8477497.png,8477497.0
KIRILL MARCHENKO,columbus-blue-jackets,CBJ,skater,forward,https://assets.nhle.com/mugs/nhl/latest/8480893.png,8480893.0
BOONE JENNER,columbus-blue-jackets,CBJ,skater,forward,https://assets.nhle.com/mugs/nhl/latest/8476432.png,8476432.0
ADAM FANTILLI,columbus-blue-jackets,CBJ,skater,forward,https://assets.nhle.com/mugs/nhl/latest/8484166.png,8484166.0
KENT JOHNSON,columbus-blue-jackets,CBJ,skater,forward,https://assets.nhle.com/mugs/nhl/latest/8482660.png,8482660.0
COLE SILLINGER,columbus-blue-jackets,CBJ,skater,forward,https://assets.nhle.com/mugs/nhl/latest/8482705.png,8482705.0
CHARLIE COYLE,columbus-blue-jackets,CBJ,skater,forward,https://assets.nhle.com/mugs/nhl/latest/8475745.png,8475745.0
MATHIEU OLIVIER,columbus-blue-jackets,CBJ,skater,forward,https://assets.nhle.com/mugs/nhl/latest/8479671.png,8479671.0
ZACH ASTON-REESE,columbus-blue-jackets,CBJ,skater,forward,https://assets.nhle.com/mugs/nhl/latest/8479944.png,8479944.0
ISAC LUNDESTROM,columbus-blue-jackets,CBJ,skater,forward,https://assets.nhle.com/mugs/nhl/latest/8480806.png,8480806.0
YEGOR CHINAKHOV,columbus-blue-jackets,CBJ,skater,forward,https://assets.nhle.com/mugs/nhl/latest/8482475.png,8482475.0
ZACH WERENSKI,columbus-blue-jackets,CBJ,skater,defense,https://assets.nhle.com/mugs/nhl/latest/8478460.png,8478460.0
DENTON MATEYCHUK,columbus-blue-jackets,CBJ,skater,defense,https://assets.nhle.com/mugs/nhl/latest/8483485.png,8483485.0
IVAN PROVOROV,columbus-blue-jackets,CBJ,skater,defense,https://assets.nhle.com/mugs/nhl/latest/8478500.png,8478500.0
DAMON SEVERSON,columbus-blue-jackets,CBJ,skater,defense,https://assets.nhle.com/mugs/nhl/latest/8476923.png,8476923.0
JAKE CHRISTIANSEN,columbus-blue-jackets,CBJ,skater,defense,https://assets.nhle.com/mugs/nhl/latest/8481161.png,8481161.0
DANTE FABBRO,columbus-blue-jackets,CBJ,skater,defense,https://assets.nhle.com/mugs/nhl/latest/8479371.png,8479371.0
ELVIS MERZLIKINS,columbus-blue-jackets,CBJ,goalie,,https://assets.nhle.com/mugs/nhl/latest/8478007.png,8478007.0
JET GREAVES,columbus-blue-jackets,CBJ,goalie,,https://assets.nhle.com/mugs/nhl/latest/8482982.png,8482982.0
EMMITT FINNIE,detroit-red-wings,DET,skater,forward,https://assets.nhle.com/mugs/nhl/latest/8484471.png,8484471.0
DYLAN LARKIN,detroit-red-wings,DET,skater,forward,https://assets.nhle.com/mugs/nhl/latest/8477946.png,8477946.0
ALEX DEBRINCAT,detroit-red-wings,DET,skater,forward,https://assets.nhle.com/mugs/nhl/latest/8479337.png,8479337.0
ANDREW COPP,detroit-red-wings,DET,skater,forward,https://assets.nhle.com/mugs/nhl/latest/8477429.png,8477429.0
MARCO KASPER,detroit-red-wings,DET,skater,forward,https://assets.nhle.com/mugs/nhl/latest/8483464.png,8483464.0
LUCAS RAYMOND,detroit-red-wings,DET,skater,forward,https://assets.nhle.com/mugs/nhl/latest/8482078.png,8482078.0
JONATAN BERGGREN,detroit-red-wings,DET,skater,forward,https://assets.nhle.com/mugs/nhl/latest/8481013.png,8481013.0
J.T. COMPHER,detroit-red-wings,DET,skater,forward,https://assets.nhle.com/mugs/nhl/latest/8477456.png,8477456.0
MICHAEL BRANDSEGG-NYGARD,detroit-red-wings,DET,skater,forward,https://assets.nhle.com/mugs/nhl/latest/8484794.png,8484794.0
ELMER SODERBLOM,detroit-red-wings,DET,skater,forward,https://assets.nhle.com/mugs/nhl/latest/8481725.png,8481725.0
MICHAEL RASMUSSEN,detroit-red-wings,DET,skater,forward,https://assets.nhle.com/mugs/nhl/latest/8479992.png,8479992.0
MASON APPLETON,detroit-red-wings,DET,skater,forward,https://assets.nhle.com/mugs/nhl/latest/8478891.png,8478891.0
BEN CHIAROT,detroit-red-wings,DET,skater,defense,https://assets.nhle.com/mugs/nhl/latest/8475279.png,8475279.0
MORITZ SEIDER,detroit-red-wings,DET,skater,defense,https://assets.nhle.com/mugs/nhl/latest/8481542.png,8481542.0
SIMON EDVINSSON,detroit-red-wings,DET,skater,defense,https://assets.nhle.com/mugs/nhl/latest/8482762.png,8482762.0
AXEL SANDIN-PELLIKKA,detroit-red-wings,DET,skater,defense,https://assets.nhle.com/mugs/nhl/latest/8484223.png,8484223.0
ALBERT JOHANSSON,detroit-red-wings,DET,skater,defense,https://assets.nhle.com/mugs/nhl/latest/8481607.png,8481607.0
JACOB BERNARD-DOCKER,detroit-red-wings,DET,skater,defense,https://assets.nhle.com/mugs/nhl/latest/8480879.png,8480879.0
CAM TALBOT,detroit-red-wings,DET,goalie,,https://assets.nhle.com/mugs/nhl/latest/8475660.png,8475660.0
JOHN GIBSON,detroit-red-wings,DET,goalie,,https://assets.nhle.com/mugs/nhl/latest/8476434.png,8476434.0
FILIP FORSBERG,nashville-predators,NSH,skater,forward,https://assets.nhle.com/mugs/nhl/latest/8476887.png,8476887.0
RYAN O'REILLY,nashville-predators,NSH,skater,forward,https://assets.nhle.com/mugs/nhl/latest/8475158.png,8475158.0
MATTHEW WOOD,nashville-predators,NSH,skater,forward,https://assets.nhle.com/mugs/nhl/latest/8484241.png,8484241.0
MICHAEL BUNTING,nashville-predators,NSH,skater,forward,https://assets.nhle.com/mugs/nhl/latest/8478047.png,8478047.0
ERIK HAULA,nashville-predators,NSH,skater,forward,https://assets.nhle.com/mugs/nhl/latest/8475287.png,8475287.0
STEVEN STAMKOS,nashville-predators,NSH,skater,forward,https://assets.nhle.com/mugs/nhl/latest/8474564.png,8474564.0
TYSON JOST,nashville-predators,NSH,skater,forward,https://assets.nhle.com/mugs/nhl/latest/8479370.png,8479370.0
FEDOR SVECHKOV,nashville-predators,NSH,skater,forward,https://assets.nhle.com/mugs/nhl/latest/8482768.png,8482768.0
LUKE EVANGELISTA,nashville-predators,NSH,skater,forward,https://assets.nhle.com/mugs/nhl/latest/8482146.png,8482146.0
COLE SMITH,nashville-predators,NSH,skater,forward,https://assets.nhle.com/mugs/nhl/latest/8482062.png,8482062.0
MICHAEL MCCARRON,nashville-predators,NSH,skater,forward,https://assets.nhle.com/mugs/nhl/latest/8477446.png,8477446.0
OZZY WIESBLATT,nashville-predators,NSH,skater,forward,https://assets.nhle.com/mugs/nhl/latest/8482103.png,8482103.0
ADAM WILSBY,nashville-predators,NSH,skater,defense,https://assets.nhle.com/mugs/nhl/latest/8482482.png,8482482.0
ROMAN JOSI,nashville-predators,NSH,skater,defense,https://assets.nhle.com/mugs/nhl/latest/8474600.png,8474600.0
BRADY SKJEI,nashville-predators,NSH,skater,defense,https://assets.nhle.com/mugs/nhl/latest/8476869.png,8476869.0
NICK PERBIX,nashville-predators,NSH,skater,defense,https://assets.nhle.com/mugs/nhl/latest/8480246.png,8480246.0
SPENCER STASTNEY,nashville-predators,NSH,skater,defense,https://assets.nhle.com/mugs/nhl/latest/8481056.png,8481056.0
JUSTIN BARRON,nashville-predators,NSH,skater,defense,https://assets.nhle.com/mugs/nhl/latest/8482111.png,8482111.0
JUUSE SAROS,nashville-predators,NSH,goalie,,https://assets.nhle.com/mugs/nhl/latest/8477424.png,8477424.0
JUSTUS ANNUNEN,nashville-predators,NSH,goalie,,https://assets.nhle.com/mugs/nhl/latest/8481020.png,8481020.0
JONATHAN DROUIN,new-york-islanders,NYI,skater,forward,https://assets.nhle.com/mugs/nhl/latest/8477494.png,8477494.0
BO HORVAT,new-york-islanders,NYI,skater,forward,https://assets.nhle.com/mugs/nhl/latest/8477500.png,8477500.0
EMIL HEINEMAN,new-york-islanders,NYI,skater,forward,https://assets.nhle.com/mugs/nhl/latest/8482476.png,8482476.0
ANTHONY DUCLAIR,new-york-islanders,NYI,skater,forward,https://assets.nhle.com/mugs/nhl/latest/8477407.png,8477407.0
MATHEW BARZAL,new-york-islanders,NYI,skater,forward,https://assets.nhle.com/mugs/nhl/latest/8478445.png,8478445.0
KYLE PALMIERI,new-york-islanders,NYI,skater,forward,https://assets.nhle.com/mugs/nhl/latest/8475151.png,8475151.0
ANDERS LEE,new-york-islanders,NYI,skater,forward,https://assets.nhle.com/mugs/nhl/latest/8475314.png,8475314.0
JEAN-GABRIEL PAGEAU,new-york-islanders,NYI,skater,forward,https://assets.nhle.com/mugs/nhl/latest/8476419.png,8476419.0
SIMON HOLMSTROM,new-york-islanders,NYI,skater,forward,https://assets.nhle.com/mugs/nhl/latest/8481601.png,8481601.0
KYLE MACLEAN,new-york-islanders,NYI,skater,forward,https://assets.nhle.com/mugs/nhl/latest/8481237.png,8481237.0
CASEY CIZIKAS,new-york-islanders,NYI,skater,forward,https://assets.nhle.com/mugs/nhl/latest/8475231.png,8475231.0
MAXIM TSYPLAKOV,new-york-islanders,NYI,skater,forward,https://assets.nhle.com/mugs/nhl/latest/8484958.png,8484958.0
ADAM PELECH,new-york-islanders,NYI,skater,defense,https://assets.nhle.com/mugs/nhl/latest/8476917.png,8476917.0
RYAN PULOCK,new-york-islanders,NYI,skater,defense,https://assets.nhle.com/mugs/nhl/latest/8477506.png,8477506.0
MATTHEW SCHAEFER,new-york-islanders,NYI,skater,defense,https://assets.nhle.com/mugs/nhl/latest/8485366.png,8485366.0
SCOTT MAYFIELD,new-york-islanders,NYI,skater,defense,https://assets.nhle.com/mugs/nhl/latest/8476429.png,8476429.0
TONY DEANGELO,new-york-islanders,NYI,skater,defense,https://assets.nhle.com/mugs/nhl/latest/8477950.png,8477950.0
ADAM BOQVIST,new-york-islanders,NYI,skater,defense,https://assets.nhle.com/mugs/nhl/latest/8480871.png,8480871.0
ILYA SOROKIN,new-york-islanders,NYI,goalie,,https://assets.nhle.com/mugs/nhl/latest/8478009.png,8478009.0
DAVID RITTICH,new-york-islanders,NYI,goalie,,https://assets.nhle.com/mugs/nhl/latest/8479496.png,8479496.0
ARTEMI PANARIN,new-york-rangers,NYR,skater,forward,https://assets.nhle.com/mugs/nhl/latest/8478550.png,8478550.0
MIKA ZIBANEJAD,new-york-rangers,NYR,skater,forward,https://assets.nhle.com/mugs/nhl/latest/8476459.png,8476459.0
ALEXIS LAFRENIERE,new-york-rangers,NYR,skater,forward,https://assets.nhle.com/mugs/nhl/latest/8482109.png,8482109.0
CONOR SHEARY,new-york-rangers,NYR,skater,forward,https://assets.nhle.com/mugs/nhl/latest/8477839.png,8477839.0
J.T. MILLER,new-york-rangers,NYR,skater,forward,https://assets.nhle.com/mugs/nhl/latest/8476468.png,8476468.0
WILL CUYLLE,new-york-rangers,NYR,skater,forward,https://assets.nhle.com/mugs/nhl/latest/8482157.png,8482157.0
JUUSO PARSSINEN,new-york-rangers,NYR,skater,forward,https://assets.nhle.com/mugs/nhl/latest/8481704.png,8481704.0
NOAH LABA,new-york-rangers,NYR,skater,forward,https://assets.nhle.com/mugs/nhl/latest/8483690.png,8483690.0
MATT REMPE,new-york-rangers,NYR,skater,forward,https://assets.nhle.com/mugs/nhl/latest/8482460.png,8482460.0
ADAM EDSTROM,new-york-rangers,NYR,skater,forward,https://assets.nhle.com/mugs/nhl/latest/8481726.png,8481726.0
SAM CARRICK,new-york-rangers,NYR,skater,forward,https://assets.nhle.com/mugs/nhl/latest/8475842.png,8475842.0
TAYLOR RADDYSH,new-york-rangers,NYR,skater,forward,https://assets.nhle.com/mugs/nhl/latest/8479390.png,8479390.0
VLADISLAV GAVRIKOV,new-york-rangers,NYR,skater,defense,https://assets.nhle.com/mugs/nhl/latest/8478882.png,8478882.0
ADAM FOX,new-york-rangers,NYR,skater,defense,https://assets.nhle.com/mugs/nhl/latest/8479323.png,8479323.0
MATTHEW ROBERTSON,new-york-rangers,NYR,skater,defense,https://assets.nhle.com/mugs/nhl/latest/8481525.png,8481525.0
WILL BORGEN,new-york-rangers,NYR,skater,defense,https://assets.nhle.com/mugs/nhl/latest/8478840.png,8478840.0
CARSON SOUCY,new-york-rangers,NYR,skater,defense,https://assets.nhle.com/mugs/nhl/latest/8477369.png,8477369.0
BRADEN SCHNEIDER,new-york-rangers,NYR,skater,defense,https://assets.nhle.com/mugs/nhl/latest/8482073.png,8482073.0
IGOR SHESTERKIN,new-york-rangers,NYR,goalie,,https://assets.nhle.com/mugs/nhl/latest/8478048.png,8478048.0
JONATHAN QUICK,new-york-rangers,NYR,goalie,,https://assets.nhle.com/mugs/nhl/latest/8471734.png,8471734.0
TRAVIS KONECNY,philadelphia-flyers,PHI,skater,forward,https://assets.nhle.com/mugs/nhl/latest/8478439.png,8478439.0
SEAN COUTURIER,philadelphia-flyers,PHI,skater,forward,https://assets.nhle.com/mugs/nhl/latest/8476461.png,8476461.0
OWEN TIPPETT,philadelphia-flyers,PHI,skater,forward,https://assets.nhle.com/mugs/nhl/latest/8480015.png,8480015.0
TYSON FOERSTER,philadelphia-flyers,PHI,skater,forward,https://assets.nhle.com/mugs/nhl/latest/8482159.png,8482159.0
NOAH CATES,philadelphia-flyers,PHI,skater,forward,https://assets.nhle.com/mugs/nhl/latest/8480220.png,8480220.0
BOBBY BRINK,philadelphia-flyers,PHI,skater,forward,https://assets.nhle.com/mugs/nhl/latest/8481553.png,8481553.0
TREVOR ZEGRAS,philadelphia-flyers,PHI,skater,forward,https://assets.nhle.com/mugs/nhl/latest/8481533.png,8481533.0
CHRISTIAN DVORAK,philadelphia-flyers,PHI,skater,forward,https://assets.nhle.com/mugs/nhl/latest/8477989.png,8477989.0
MATVEI MICHKOV,philadelphia-flyers,PHI,skater,forward,https://assets.nhle.com/mugs/nhl/latest/8484387.png,8484387.0
NIKITA GREBENKIN,philadelphia-flyers,PHI,skater,forward,https://assets.nhle.com/mugs/nhl/latest/8483733.png,8483733.0
RODRIGO ABOLS,philadelphia-flyers,PHI,skater,forward,https://assets.nhle.com/mugs/nhl/latest/8479022.png,8479022.0
GARNET HATHAWAY,philadelphia-flyers,PHI,skater,forward,https://assets.nhle.com/mugs/nhl/latest/8477903.png,8477903.0
CAM YORK,philadelphia-flyers,PHI,skater,defense,https://assets.nhle.com/mugs/nhl/latest/8481546.png,8481546.0
TRAVIS SANHEIM,philadelphia-flyers,PHI,skater,defense,https://assets.nhle.com/mugs/nhl/latest/8477948.png,8477948.0
NICK SEELER,philadelphia-flyers,PHI,skater,defense,https://assets.nhle.com/mugs/nhl/latest/8476372.png,8476372.0
JAMIE DRYSDALE,philadelphia-flyers,PHI,skater,defense,https://assets.nhle.com/mugs/nhl/latest/8482142.png,8482142.0
EGOR ZAMULA,philadelphia-flyers,PHI,skater,defense,https://assets.nhle.com/mugs/nhl/latest/8481178.png,8481178.0
NOAH JUULSEN,philadelphia-flyers,PHI,skater,defense,https://assets.nhle.com/mugs/nhl/latest/8478454.png,8478454.0
DAN VLADAR,philadelphia-flyers,PHI,goalie,,https://assets.nhle.com/mugs/nhl/latest/8478435.png,8478435.0
SAMUEL ERSSON,philadelphia-flyers,PHI,goalie,,https://assets.nhle.com/mugs/nhl/latest/8481035.png,8481035.0
RICKARD RAKELL,pittsburgh-penguins,PIT,skater,forward,https://assets.nhle.com/mugs/nhl/latest/8476483.png,8476483.0
SIDNEY CROSBY,pittsburgh-penguins,PIT,skater,forward,https://assets.nhle.com/mugs/nhl/latest/8471675.png,8471675.0
BRYAN RUST,pittsburgh-penguins,PIT,skater,forward,https://assets.nhle.com/mugs/nhl/latest/8475810.png,8475810.0
ANTHONY MANTHA,pittsburgh-penguins,PIT,skater,forward,https://assets.nhle.com/mugs/nhl/latest/8477511.png,8477511.0
EVGENI MALKIN,pittsburgh-penguins,PIT,skater,forward,https://assets.nhle.com/mugs/nhl/latest/8471215.png,8471215.0
JUSTIN BRAZEAU,pittsburgh-penguins,PIT,skater,forward,https://assets.nhle.com/mugs/nhl/latest/8479638.png,8479638.0
THOMAS NOVAK,pittsburgh-penguins,PIT,skater,forward,https://assets.nhle.com/mugs/nhl/latest/8478438.png,8478438.0
BEN KINDEL,pittsburgh-penguins,PIT,skater,forward,,
FILIP HALLANDER,pittsburgh-penguins,PIT,skater,forward,https://assets.nhle.com/mugs/nhl/latest/8480842.png,8480842.0
CONNOR DEWAR,pittsburgh-penguins,PIT,skater,forward,https://assets.nhle.com/mugs/nhl/latest/8480980.png,8480980.0
BLAKE LIZOTTE,pittsburgh-penguins,PIT,skater,forward,https://assets.nhle.com/mugs/nhl/latest/8481481.png,8481481.0
NOEL ACCIARI,pittsburgh-penguins,PIT,skater,forward,https://assets.nhle.com/mugs/nhl/latest/8478569.png,8478569.0
PARKER WOTHERSPOON,pittsburgh-penguins,PIT,skater,defense,https://assets.nhle.com/mugs/nhl/latest/8478450.png,8478450.0
ERIK KARLSSON,pittsburgh-penguins,PIT,skater,defense,https://assets.nhle.com/mugs/nhl/latest/8474578.png,8474578.0
RYAN SHEA,pittsburgh-penguins,PIT,skater,defense,https://assets.nhle.com/mugs/nhl/latest/8478854.png,8478854.0
KRIS LETANG,pittsburgh-penguins,PIT,skater,defense,https://assets.nhle.com/mugs/nhl/latest/8471724.png,8471724.0
CALEB JONES,pittsburgh-penguins,PIT,skater,defense,https://assets.nhle.com/mugs/nhl/latest/8478452.png,8478452.0
CONNOR CLIFTON,pittsburgh-penguins,PIT,skater,defense,https://assets.nhle.com/mugs/nhl/latest/8477365.png,8477365.0
TRISTAN JARRY,pittsburgh-penguins,PIT,goalie,,https://assets.nhle.com/mugs/nhl/latest/8477465.png,8477465.0
ARTURS SILOVS,pittsburgh-penguins,PIT,goalie,,https://assets.nhle.com/mugs/nhl/latest/8481668.png,8481668.0
TYLER TOFFOLI,san-jose-sharks,S.J,skater,forward,https://assets.nhle.com/mugs/nhl/latest/8475726.png,8475726.0
MACKLIN CELEBRINI,san-jose-sharks,S.J,skater,forward,https://assets.nhle.com/mugs/nhl/latest/8484801.png,8484801.0
WILL SMITH,san-jose-sharks,S.J,skater,forward,https://assets.nhle.com/mugs/nhl/latest/8484227.png,8484227.0
WILLIAM EKLUND,san-jose-sharks,S.J,skater,forward,https://assets.nhle.com/mugs/nhl/latest/8482667.png,8482667.0
ALEXANDER WENNBERG,san-jose-sharks,S.J,skater,forward,,
JEFF SKINNER,san-jose-sharks,S.J,skater,forward,https://assets.nhle.com/mugs/nhl/latest/8475784.png,8475784.0
COLLIN GRAF,san-jose-sharks,S.J,skater,forward,https://assets.nhle.com/mugs/nhl/latest/8484911.png,8484911.0
MICHAEL MISA,san-jose-sharks,S.J,skater,forward,https://assets.nhle.com/mugs/nhl/20252026/DAL/8485402.png,8485402.0
ADAM GAUDETTE,san-jose-sharks,S.J,skater,forward,https://assets.nhle.com/mugs/nhl/latest/8478874.png,8478874.0
BARCLAY GOODROW,san-jose-sharks,S.J,skater,forward,https://assets.nhle.com/mugs/nhl/latest/8476624.png,8476624.0
TY DELLANDREA,san-jose-sharks,S.J,skater,forward,https://assets.nhle.com/mugs/nhl/latest/8480848.png,8480848.0
RYAN REAVES,san-jose-sharks,S.J,skater,forward,https://assets.nhle.com/mugs/nhl/latest/8471817.png,8471817.0
DMITRY ORLOV,san-jose-sharks,S.J,skater,defense,https://assets.nhle.com/mugs/nhl/latest/8475200.png,8475200.0
TIMOTHY LILJEGREN,san-jose-sharks,S.J,skater,defense,https://assets.nhle.com/mugs/nhl/latest/8480043.png,8480043.0
MARIO FERRARO,san-jose-sharks,S.J,skater,defense,https://assets.nhle.com/mugs/nhl/latest/8479983.png,8479983.0
VINCENT DESHARNAIS,san-jose-sharks,S.J,skater,defense,https://assets.nhle.com/mugs/nhl/latest/8479576.png,8479576.0
NICK LEDDY,san-jose-sharks,S.J,skater,defense,https://assets.nhle.com/mugs/nhl/latest/8475181.png,8475181.0
VINCENT IORIO,san-jose-sharks,S.J,skater,defense,https://assets.nhle.com/mugs/nhl/latest/8482861.png,8482861.0
ALEX NEDELJKOVIC,san-jose-sharks,S.J,goalie,,https://assets.nhle.com/mugs/nhl/latest/8477968.png,8477968.0
YAROSLAV ASKAROV,san-jose-sharks,S.J,goalie,,https://assets.nhle.com/mugs/nhl/latest/8482137.png,8482137.0
BERKLY CATTON,seattle-kraken,SEA,skater,forward,https://assets.nhle.com/mugs/nhl/latest/8484800.png,8484800.0
MATTY BENIERS,seattle-kraken,SEA,skater,forward,https://assets.nhle.com/mugs/nhl/latest/8482665.png,8482665.0
JORDAN EBERLE,seattle-kraken,SEA,skater,forward,https://assets.nhle.com/mugs/nhl/latest/8474586.png,8474586.0
MASON MARCHMENT,seattle-kraken,SEA,skater,forward,https://assets.nhle.com/mugs/nhl/latest/8478975.png,8478975.0
CHANDLER STEPHENSON,seattle-kraken,SEA,skater,forward,https://assets.nhle.com/mugs/nhl/latest/8476905.png,8476905.0
EELI TOLVANEN,seattle-kraken,SEA,skater,forward,https://assets.nhle.com/mugs/nhl/latest/8480009.png,8480009.0
JADEN SCHWARTZ,seattle-kraken,SEA,skater,forward,https://assets.nhle.com/mugs/nhl/latest/8475768.png,8475768.0
SHANE WRIGHT,seattle-kraken,SEA,skater,forward,https://assets.nhle.com/mugs/nhl/latest/8483524.png,8483524.0
JANI NYMAN,seattle-kraken,SEA,skater,forward,https://assets.nhle.com/mugs/nhl/latest/8483497.png,8483497.0
TYE KARTYE,seattle-kraken,SEA,skater,forward,https://assets.nhle.com/mugs/nhl/latest/8481789.png,8481789.0
JOHN HAYDEN,seattle-kraken,SEA,skater,forward,https://assets.nhle.com/mugs/nhl/latest/8477401.png,8477401.0
RYAN WINTERTON,seattle-kraken,SEA,skater,forward,https://assets.nhle.com/mugs/nhl/latest/8482751.png,8482751.0
VINCE DUNN,seattle-kraken,SEA,skater,defense,https://assets.nhle.com/mugs/nhl/latest/8478407.png,8478407.0
ADAM LARSSON,seattle-kraken,SEA,skater,defense,https://assets.nhle.com/mugs/nhl/latest/8476457.png,8476457.0
JOSHUA MAHURA,seattle-kraken,SEA,skater,defense,,
JAMIE OLEKSIAK,seattle-kraken,SEA,skater,defense,https://assets.nhle.com/mugs/nhl/latest/8476467.png,8476467.0
RYAN LINDGREN,seattle-kraken,SEA,skater,defense,https://assets.nhle.com/mugs/nhl/latest/8479324.png,8479324.0
CALE FLEURY,seattle-kraken,SEA,skater,defense,https://assets.nhle.com/mugs/nhl/latest/8479985.png,8479985.0
JOEY DACCORD,seattle-kraken,SEA,goalie,,https://assets.nhle.com/mugs/nhl/latest/8478916.png,8478916.0
MATT MURRAY,seattle-kraken,SEA,goalie,,,
EVANDER KANE,vancouver-canucks,VAN,skater,forward,https://assets.nhle.com/mugs/nhl/latest/8475169.png,8475169.0
ELIAS PETTERSSON,vancouver-canucks,VAN,skater,forward,https://assets.nhle.com/mugs/nhl/latest/8480012.png,8480012.0
CONOR GARLAND,vancouver-canucks,VAN,skater,forward,https://assets.nhle.com/mugs/nhl/latest/8478856.png,8478856.0
JAKE DEBRUSK,vancouver-canucks,VAN,skater,forward,https://assets.nhle.com/mugs/nhl/latest/8478498.png,8478498.0
MAX SASSON,vancouver-canucks,VAN,skater,forward,https://assets.nhle.com/mugs/nhl/latest/8484136.png,8484136.0
BROCK BOESER,vancouver-canucks,VAN,skater,forward,https://assets.nhle.com/mugs/nhl/latest/8478444.png,8478444.0
DREW O'CONNOR,vancouver-canucks,VAN,skater,forward,https://assets.nhle.com/mugs/nhl/latest/8482055.png,8482055.0
AATU RATY,vancouver-canucks,VAN,skater,forward,https://assets.nhle.com/mugs/nhl/latest/8482691.png,8482691.0
KIEFER SHERWOOD,vancouver-canucks,VAN,skater,forward,https://assets.nhle.com/mugs/nhl/latest/8480748.png,8480748.0
ARSHDEEP BAINS,vancouver-canucks,VAN,skater,forward,https://assets.nhle.com/mugs/nhl/latest/8483395.png,8483395.0
NILS AMAN,vancouver-canucks,VAN,skater,forward,https://assets.nhle.com/mugs/nhl/latest/8482496.png,8482496.0
LINUS KARLSSON,vancouver-canucks,VAN,skater,forward,https://assets.nhle.com/mugs/nhl/latest/8481024.png,8481024.0
QUINN HUGHES,vancouver-canucks,VAN,skater,defense,https://assets.nhle.com/mugs/nhl/latest/8480800.png,8480800.0
FILIP HRONEK,vancouver-canucks,VAN,skater,defense,https://assets.nhle.com/mugs/nhl/latest/8479425.png,8479425.0
MARCUS PETTERSSON,vancouver-canucks,VAN,skater,defense,https://assets.nhle.com/mugs/nhl/latest/8477969.png,8477969.0
TYLER MYERS,vancouver-canucks,VAN,skater,defense,https://assets.nhle.com/mugs/nhl/latest/8474574.png,8474574.0
ELIAS PETTERSSON(D),vancouver-canucks,VAN,skater,defense,https://assets.nhle.com/mugs/nhl/latest/8483678.png,8483678.0
PIERRE-OLIVIER JOSEPH,vancouver-canucks,VAN,skater,defense,https://assets.nhle.com/mugs/nhl/latest/8480058.png,8480058.0
THATCHER DEMKO,vancouver-canucks,VAN,goalie,,https://assets.nhle.com/mugs/nhl/latest/8477967.png,8477967.0
KEVIN LANKINEN,vancouver-canucks,VAN,goalie,,https://assets.nhle.com/mugs/nhl/latest/8480947.png,8480947.0
